{
    "loss": 6.164759159088135,
    "accuracy": 0.5686274766921997
}