{
    "loss": 3.0193231105804443,
    "accuracy": 0.5882353186607361
}