{
    "loss": 1.4156105518341064,
    "accuracy": 0.7843137383460999
}