{
    "loss": 1.8792500495910645,
    "accuracy": 0.7647058963775635
}