{
    "loss": 11.147525787353516,
    "accuracy": 0.5686274766921997
}